Datetime,Water Level (m)
2025-11-04 06:00:00,0.7672865
2025-11-04 07:00:00,0.6284256
2025-11-04 08:00:00,0.33550048
2025-11-04 09:00:00,0.1105488
2025-11-04 10:00:00,-0.0737466
2025-11-04 11:00:00,-0.2025109
2025-11-04 12:00:00,-0.32889503
2025-11-04 13:00:00,-0.44206393
2025-11-04 14:00:00,-0.40232277
2025-11-04 15:00:00,0.0650458
2025-11-04 16:00:00,0.427182
2025-11-04 17:00:00,0.736967
2025-11-04 18:00:00,0.9653546
2025-11-04 19:00:00,0.99681824
2025-11-04 20:00:00,0.7894468
2025-11-04 21:00:00,0.49692798
2025-11-04 22:00:00,0.29291034
2025-11-04 23:00:00,0.11830709
2025-11-05 00:00:00,-0.010794392
2025-11-05 01:00:00,-0.14763041
2025-11-05 02:00:00,-0.25508437
2025-11-05 03:00:00,-0.036238786
2025-11-05 04:00:00,0.37261438
2025-11-05 05:00:00,0.6260897
2025-11-05 06:00:00,0.85015815
2025-11-05 07:00:00,0.8906863
2025-11-05 08:00:00,0.6807316
2025-11-05 09:00:00,0.37751204
2025-11-05 10:00:00,0.17726327
2025-11-05 11:00:00,0.010566552
2025-11-05 12:00:00,-0.1133624
2025-11-05 13:00:00,-0.24101847
2025-11-05 14:00:00,-0.34577388
2025-11-05 15:00:00,-0.12861942
2025-11-05 16:00:00,0.32840523
2025-11-05 17:00:00,0.66059905
2025-11-05 18:00:00,0.98244464
2025-11-05 19:00:00,1.1453805
2025-11-05 20:00:00,1.0920819
2025-11-05 21:00:00,0.7918225
2025-11-05 22:00:00,0.52276236
2025-11-05 23:00:00,0.3231921
2025-11-06 00:00:00,0.16574976
2025-11-06 01:00:00,0.02642404
2025-11-06 02:00:00,-0.11827541
2025-11-06 03:00:00,-0.20697168
2025-11-06 04:00:00,0.11179544
2025-11-06 05:00:00,0.47656846
2025-11-06 06:00:00,0.71245974
2025-11-06 07:00:00,0.8961984
2025-11-06 08:00:00,0.8448839
2025-11-06 09:00:00,0.5659938
2025-11-06 10:00:00,0.30095404
2025-11-06 11:00:00,0.11052066
2025-11-06 12:00:00,-0.038932983
2025-11-06 13:00:00,-0.16265176
2025-11-06 14:00:00,-0.29380324
2025-11-06 15:00:00,-0.37058142
2025-11-06 16:00:00,0.0023148826
2025-11-06 17:00:00,0.43712676
2025-11-06 18:00:00,0.75757277
2025-11-06 19:00:00,1.0668865
2025-11-06 20:00:00,1.1620383
2025-11-06 21:00:00,1.0278294
2025-11-06 22:00:00,0.699687
2025-11-06 23:00:00,0.46569377
2025-11-07 00:00:00,0.2735613
2025-11-07 01:00:00,0.13059118
2025-11-07 02:00:00,-0.016049916
2025-11-07 03:00:00,-0.1581839
2025-11-07 04:00:00,-0.21740411
2025-11-07 05:00:00,0.13803187
2025-11-07 06:00:00,0.47144327
2025-11-07 07:00:00,0.6825773
2025-11-07 08:00:00,0.81872
2025-11-07 09:00:00,0.70384204
2025-11-07 10:00:00,0.41229844
2025-11-07 11:00:00,0.18416686
2025-11-07 12:00:00,0.009942523
2025-11-07 13:00:00,-0.12354025
2025-11-07 14:00:00,-0.2470892
2025-11-07 15:00:00,-0.3637956
2025-11-07 16:00:00,-0.35704303
2025-11-07 17:00:00,0.080426134
2025-11-07 18:00:00,0.45202705
2025-11-07 19:00:00,0.76015735
2025-11-07 20:00:00,1.0110751
2025-11-07 21:00:00,1.0431397
2025-11-07 22:00:00,0.83458674
2025-11-07 23:00:00,0.5306011
2025-11-08 00:00:00,0.32131562
2025-11-08 01:00:00,0.14696561
2025-11-08 02:00:00,0.013925402
2025-11-08 03:00:00,-0.12911645
2025-11-08 04:00:00,-0.262561
2025-11-08 05:00:00,-0.25062153
2025-11-08 06:00:00,0.10911199
2025-11-08 07:00:00,0.38057223
2025-11-08 08:00:00,0.56250525
2025-11-08 09:00:00,0.6457112
2025-11-08 10:00:00,0.49108616
2025-11-08 11:00:00,0.21823344
2025-11-08 12:00:00,0.022792103
2025-11-08 13:00:00,-0.13568674
2025-11-08 14:00:00,-0.25777015
2025-11-08 15:00:00,-0.3765248
2025-11-08 16:00:00,-0.47873
2025-11-08 17:00:00,-0.36776707
2025-11-08 18:00:00,0.046426687
2025-11-08 19:00:00,0.36723867
2025-11-08 20:00:00,0.6528473
2025-11-08 21:00:00,0.84100556
2025-11-08 22:00:00,0.84096843
2025-11-08 23:00:00,0.62093914
2025-11-09 00:00:00,0.359308
2025-11-09 01:00:00,0.17117202
2025-11-09 02:00:00,0.019504914
2025-11-09 03:00:00,-0.10391224
2025-11-09 04:00:00,-0.23316424
2025-11-09 05:00:00,-0.33781034
2025-11-09 06:00:00,-0.21224707
2025-11-09 07:00:00,0.10301603
2025-11-09 08:00:00,0.3070778
2025-11-09 09:00:00,0.47643408
2025-11-09 10:00:00,0.51526856
2025-11-09 11:00:00,0.36064577
2025-11-09 12:00:00,0.11464428
2025-11-09 13:00:00,-0.054210972
2025-11-09 14:00:00,-0.19289942
2025-11-09 15:00:00,-0.29907817
2025-11-09 16:00:00,-0.39817548
2025-11-09 17:00:00,-0.44338527
2025-11-09 18:00:00,-0.15386389
2025-11-09 19:00:00,0.18440573
2025-11-09 20:00:00,0.44347262
2025-11-09 21:00:00,0.6998974
2025-11-09 22:00:00,0.8108079
2025-11-09 23:00:00,0.76081103
2025-11-10 00:00:00,0.5228256
2025-11-10 01:00:00,0.29890984
2025-11-10 02:00:00,0.1309303
2025-11-10 03:00:00,0.004570021
2025-11-10 04:00:00,-0.10953729
2025-11-10 05:00:00,-0.22365616
2025-11-10 06:00:00,-0.2966119
